pdf,url
https://www.sec.gov/litigation/admin/2020/33-10909.pdf,https://www.sec.gov/spotlight/cybersecurity-enforcement-actions
https://www.sec.gov/litigation/admin/2019/33-10624.pdf,https://www.sec.gov/spotlight/cybersecurity-enforcement-actions
https://www.sec.gov/litigation/admin/2018/33-10582.pdf,https://www.sec.gov/spotlight/cybersecurity-enforcement-actions
https://www.sec.gov/files/litigation/complaints/2023/comp-pr2023-227.pdf,https://www.sec.gov/news/press-release/2023-227
https://www.sec.gov/litigation/complaints/2022/comp-pr2022-134.pdf,https://www.sec.gov/news/press-release/2022-134
https://www.sec.gov/litigation/complaints/2022/comp-pr2022-167.pdf,https://www.sec.gov/news/press-release/2022-167
https://www.sec.gov/litigation/admin/2022/33-11102.pdf,https://www.sec.gov/news/press-release/2022-167
https://www.sec.gov/divisions/enforce/enforcementmanual.pdf,https://www.sec.gov/enforce/33-11089-s
/files/sec-dds-jan2023.pdf,https://www.sec.gov/enforce/33-11089-s
https://www.sec.gov/divisions/enforce/enforcementmanual.pdf,https://www.sec.gov/enforce/33-11089-s
/files/sec-dds-jan2023.pdf,https://www.sec.gov/enforce/33-11089-s
/litigation/admin/2022/33-11089.pdf,https://www.sec.gov/enforce/33-11089-s
https://www.sec.gov/litigation/complaints/2022/comp-pr2022-127.pdf,https://www.sec.gov/news/press-release/2022-127
https://www.sec.gov/litigation/complaints/2022/comp-pr2022-81.pdf,https://www.sec.gov/news/press-release/2022-81
https://www.sec.gov/litigation/complaints/2022/comp-pr2022-175.pdf,https://www.sec.gov/news/press-release/2022-175
https://www.sec.gov/litigation/admin/2022/33-11116.pdf,https://www.sec.gov/news/press-release/2022-183
https://www.sec.gov/litigation/investreport/34-81207.pdf,https://www.sec.gov/news/press-release/2018-258
http://www.sec.gov/litigation/admin/2018/34-84553.pdf,https://www.sec.gov/news/press-release/2018-258
https://www.sec.gov/litigation/complaints/2022/comp-pr2022-219.pdf,https://www.sec.gov/news/press-release/2022-219
https://www.sec.gov/litigation/investreport/34-81207.pdf,https://www.sec.gov/news/press-release/2018-264
http://www.sec.gov/litigation/admin/2018/33-10575.pdf,https://www.sec.gov/news/press-release/2018-264
http://www.sec.gov/litigation/admin/2018/33-10574.pdf,https://www.sec.gov/news/press-release/2018-264
https://www.sec.gov/litigation/investreport/34-81207.pdf,https://www.sec.gov/news/press-release/2018-268
https://www.sec.gov/litigation/admin/2018/33-10578.pdf,https://www.sec.gov/news/press-release/2018-268
https://www.sec.gov/litigation/admin/2018/33-10579.pdf,https://www.sec.gov/news/press-release/2018-268
https://www.sec.gov/litigation/investreport/34-81207.pdf,https://www.sec.gov/news/press-release/2019-15
https://www.sec.gov/litigation/admin/2019/33-10608.pdf,https://www.sec.gov/news/press-release/2019-15
http://www.sec.gov/litigation/complaints/2019/comp-pr2019-72.pdf,https://www.sec.gov/news/press-release/2019-72
https://www.sec.gov/divisions/enforce/enforcementmanual.pdf,https://www.sec.gov/enforce/33-10638-s
/files/sec-dds-jan2023.pdf,https://www.sec.gov/enforce/33-10638-s
https://www.sec.gov/divisions/enforce/enforcementmanual.pdf,https://www.sec.gov/enforce/33-10638-s
/files/sec-dds-jan2023.pdf,https://www.sec.gov/enforce/33-10638-s
/litigation/admin/2019/33-10638.pdf,https://www.sec.gov/enforce/33-10638-s
http://www.sec.gov/litigation/complaints/2019/comp-pr2019-74.pdf,https://www.sec.gov/news/press-release/2019-74
https://www.sec.gov/divisions/enforce/enforcementmanual.pdf,https://www.sec.gov/enforce/33-10671-s
/files/sec-dds-jan2023.pdf,https://www.sec.gov/enforce/33-10671-s
https://www.sec.gov/divisions/enforce/enforcementmanual.pdf,https://www.sec.gov/enforce/33-10671-s
/files/sec-dds-jan2023.pdf,https://www.sec.gov/enforce/33-10671-s
/litigation/admin/2019/33-10671.pdf,https://www.sec.gov/enforce/33-10671-s
https://www.sec.gov/litigation/complaints/2019/comp-pr2019-87.pdf,https://www.sec.gov/news/press-release/2019-87
https://www.sec.gov/litigation/complaints/2019/comp-pr2019-150.pdf,https://www.sec.gov/news/press-release/2019-150
https://www.sec.gov/litigation/complaints/2019/order-pr2019-150.pdf,https://www.sec.gov/news/press-release/2019-150
https://www.sec.gov/divisions/enforce/enforcementmanual.pdf,https://www.sec.gov/litigation/litreleases/lr-25506
/files/sec-dds-jan2023.pdf,https://www.sec.gov/litigation/litreleases/lr-25506
https://www.sec.gov/divisions/enforce/enforcementmanual.pdf,https://www.sec.gov/litigation/litreleases/lr-25506
/files/sec-dds-jan2023.pdf,https://www.sec.gov/litigation/litreleases/lr-25506
/litigation/complaints/2022/comp25506.pdf,https://www.sec.gov/litigation/litreleases/lr-25506
https://www.sec.gov/litigation/complaints/2019/comp-pr2019-181.pdf,https://www.sec.gov/news/press-release/2019-181
https://www.sec.gov/litigation/admin/2019/33-10673.pdf,https://www.sec.gov/news/press-release/2019-157
https://www.sec.gov/litigation/complaints/2019/comp-pr2019-164.pdf,https://www.sec.gov/news/press-release/2019-164
https://www.sec.gov/litigation/investreport/34-81207.pdf,https://www.sec.gov/news/press-release/2019-202
https://www.sec.gov/litigation/admin/2019/33-10714.pdf,https://www.sec.gov/news/press-release/2019-202
https://www.sec.gov/divisions/enforce/enforcementmanual.pdf,https://www.sec.gov/litigation/litreleases/lr-25377
/files/sec-dds-jan2023.pdf,https://www.sec.gov/litigation/litreleases/lr-25377
https://www.sec.gov/divisions/enforce/enforcementmanual.pdf,https://www.sec.gov/litigation/litreleases/lr-25377
/files/sec-dds-jan2023.pdf,https://www.sec.gov/litigation/litreleases/lr-25377
https://www.sec.gov/divisions/enforce/enforcementmanual.pdf,https://www.sec.gov/litigation/litreleases/lr-25376
/files/sec-dds-jan2023.pdf,https://www.sec.gov/litigation/litreleases/lr-25376
https://www.sec.gov/divisions/enforce/enforcementmanual.pdf,https://www.sec.gov/litigation/litreleases/lr-25376
/files/sec-dds-jan2023.pdf,https://www.sec.gov/litigation/litreleases/lr-25376
/litigation/complaints/2022/comp25376-blockbits.pdf,https://www.sec.gov/litigation/litreleases/lr-25376
/litigation/complaints/2022/comp25376-mata.pdf,https://www.sec.gov/litigation/litreleases/lr-25376
https://www.sec.gov/divisions/enforce/enforcementmanual.pdf,https://www.sec.gov/litigation/litreleases/lr-25468
/files/sec-dds-jan2023.pdf,https://www.sec.gov/litigation/litreleases/lr-25468
https://www.sec.gov/divisions/enforce/enforcementmanual.pdf,https://www.sec.gov/litigation/litreleases/lr-25468
/files/sec-dds-jan2023.pdf,https://www.sec.gov/litigation/litreleases/lr-25468
/litigation/complaints/2022/comp25468.pdf,https://www.sec.gov/litigation/litreleases/lr-25468
https://www.sec.gov/divisions/enforce/enforcementmanual.pdf,https://www.sec.gov/litigation/litreleases/lr-25569
/files/sec-dds-jan2023.pdf,https://www.sec.gov/litigation/litreleases/lr-25569
https://www.sec.gov/divisions/enforce/enforcementmanual.pdf,https://www.sec.gov/litigation/litreleases/lr-25569
/files/sec-dds-jan2023.pdf,https://www.sec.gov/litigation/litreleases/lr-25569
/litigation/complaints/2022/comp25569.pdf,https://www.sec.gov/litigation/litreleases/lr-25569
https://www.sec.gov/litigation/complaints/2019/comp-pr2019-212.pdf,https://www.sec.gov/news/press-release/2019-212
https://www.sec.gov/divisions/enforce/enforcementmanual.pdf,https://www.sec.gov/litigation/litreleases/lr-25537
/files/sec-dds-jan2023.pdf,https://www.sec.gov/litigation/litreleases/lr-25537
https://www.sec.gov/divisions/enforce/enforcementmanual.pdf,https://www.sec.gov/litigation/litreleases/lr-25537
/files/sec-dds-jan2023.pdf,https://www.sec.gov/litigation/litreleases/lr-25537
/litigation/complaints/2022/comp25537.pdf,https://www.sec.gov/litigation/litreleases/lr-25537
https://www.sec.gov/litigation/complaints/2019/comp-pr2019-259.pdf,https://www.sec.gov/news/press-release/2019-259
https://www.sec.gov/litigation/admin/2020/33-10755.pdf,https://www.sec.gov/news/press-release/2020-37
https://www.sec.gov/litigation/investreport/34-81207.pdf,https://www.sec.gov/news/press-release/2019-267
https://www.sec.gov/litigation/admin/2019/33-10736.pdf,https://www.sec.gov/news/press-release/2019-267
https://www.sec.gov/litigation/complaints/2020/comp-pr2020-32.pdf,https://www.sec.gov/news/press-release/2020-32
https://www.sec.gov/divisions/enforce/enforcementmanual.pdf,https://www.sec.gov/litigation/litreleases/lr-25547
/files/sec-dds-jan2023.pdf,https://www.sec.gov/litigation/litreleases/lr-25547
https://www.sec.gov/divisions/enforce/enforcementmanual.pdf,https://www.sec.gov/litigation/litreleases/lr-25547
/files/sec-dds-jan2023.pdf,https://www.sec.gov/litigation/litreleases/lr-25547
/litigation/complaints/2022/comp25547.pdf,https://www.sec.gov/litigation/litreleases/lr-25547
/litigation/litreleases/2022/lr25547-spanish.pdf,https://www.sec.gov/litigation/litreleases/lr-25547
https://www.sec.gov/litigation/investreport/34-81207.pdf,https://www.sec.gov/news/press-release/2020-42
https://www.sec.gov/litigation/admin/2020/33-10760.pdf,https://www.sec.gov/news/press-release/2020-42
https://www.sec.gov/litigation/complaints/2020/comp-pr2020-66.pdf,https://www.sec.gov/news/press-release/2020-66
https://www.sec.gov/litigation/admin/2020/33-10788.pdf,https://www.sec.gov/news/press-release/2020-124
https://www.sec.gov/litigation/complaints/2020/comp-pr2020-137.pdf,https://www.sec.gov/news/press-release/2020-137
https://www.sec.gov/litigation/complaints/2020/comp-pr2020-145-nac-andrade.pdf,https://www.sec.gov/news/press-release/2020-145
https://www.sec.gov/litigation/complaints/2020/comp-pr2020-145-abramoff.pdf,https://www.sec.gov/news/press-release/2020-145
https://www.sec.gov/litigation/admin/2020/33-10817.pdf,https://www.sec.gov/news/press-release/2020-181
https://www.sec.gov/divisions/enforce/enforcementmanual.pdf,https://www.sec.gov/enforce/33-10853-s
/files/sec-dds-jan2023.pdf,https://www.sec.gov/enforce/33-10853-s
https://www.sec.gov/divisions/enforce/enforcementmanual.pdf,https://www.sec.gov/enforce/33-10853-s
/files/sec-dds-jan2023.pdf,https://www.sec.gov/enforce/33-10853-s
/litigation/admin/2020/33-10853.pdf,https://www.sec.gov/enforce/33-10853-s
https://www.sec.gov/litigation/complaints/2020/comp-pr2020-207.pdf,https://www.sec.gov/news/press-release/2020-207
https://www.sec.gov/litigation/admin/2020/33-10836.pdf,https://www.sec.gov/news/press-release/2020-207
https://www.sec.gov/divisions/enforce/enforcementmanual.pdf,https://www.sec.gov/enforce/33-10865-s
/files/sec-dds-jan2023.pdf,https://www.sec.gov/enforce/33-10865-s
https://www.sec.gov/divisions/enforce/enforcementmanual.pdf,https://www.sec.gov/enforce/33-10865-s
/files/sec-dds-jan2023.pdf,https://www.sec.gov/enforce/33-10865-s
/litigation/admin/2020/33-10865.pdf,https://www.sec.gov/enforce/33-10865-s
https://www.sec.gov/litigation/admin/2020/33-10841.pdf,https://www.sec.gov/news/press-release/2020-211
https://www.sec.gov/litigation/complaints/2020/comp-pr2020-246.pdf,https://www.sec.gov/news/press-release/2020-246
https://www.sec.gov/divisions/enforce/enforcementmanual.pdf,https://www.sec.gov/litigation/litreleases/lr-24607
/files/sec-dds-jan2023.pdf,https://www.sec.gov/litigation/litreleases/lr-24607
https://www.sec.gov/divisions/enforce/enforcementmanual.pdf,https://www.sec.gov/litigation/litreleases/lr-24607
/files/sec-dds-jan2023.pdf,https://www.sec.gov/litigation/litreleases/lr-24607
/litigation/complaints/2019/comp24607.pdf,https://www.sec.gov/litigation/litreleases/lr-24607
https://www.sec.gov/litigation/complaints/2020/comp-pr2020-341.pdf,https://www.sec.gov/news/press-release/2020-341
https://www.sec.gov/divisions/enforce/enforcementmanual.pdf,https://www.sec.gov/enforce/33-10914-s
/files/sec-dds-jan2023.pdf,https://www.sec.gov/enforce/33-10914-s
https://www.sec.gov/divisions/enforce/enforcementmanual.pdf,https://www.sec.gov/enforce/33-10914-s
/files/sec-dds-jan2023.pdf,https://www.sec.gov/enforce/33-10914-s
/litigation/admin/2020/33-10914.pdf,https://www.sec.gov/enforce/33-10914-s
https://www.sec.gov/litigation/complaints/2020/comp-pr2020-338.pdf,https://www.sec.gov/news/press-release/2020-338
https://www.sec.gov/divisions/enforce/enforcementmanual.pdf,https://www.sec.gov/enforce/33-10920-order-s
/files/sec-dds-jan2023.pdf,https://www.sec.gov/enforce/33-10920-order-s
https://www.sec.gov/divisions/enforce/enforcementmanual.pdf,https://www.sec.gov/enforce/33-10920-order-s
/files/sec-dds-jan2023.pdf,https://www.sec.gov/enforce/33-10920-order-s
/litigation/admin/2021/33-10920.pdf,https://www.sec.gov/enforce/33-10920-order-s
https://www.sec.gov/divisions/enforce/enforcementmanual.pdf,https://www.sec.gov/litigation/litreleases/lr-24723
/files/sec-dds-jan2023.pdf,https://www.sec.gov/litigation/litreleases/lr-24723
https://www.sec.gov/divisions/enforce/enforcementmanual.pdf,https://www.sec.gov/litigation/litreleases/lr-24723
/files/sec-dds-jan2023.pdf,https://www.sec.gov/litigation/litreleases/lr-24723
/litigation/complaints/2020/comp24723.pdf,https://www.sec.gov/litigation/litreleases/lr-24723
https://www.sec.gov/litigation/complaints/2021/comp-pr2021-22.pdf,https://www.sec.gov/news/press-release/2021-22
https://www.sec.gov/litigation/complaints/2021/comp-pr2021-98.pdf,https://www.sec.gov/news/press-release/2021-98
https://www.sec.gov/litigation/admin/2021/33-10950.pdf,https://www.sec.gov/news/press-release/2021-108
https://www.sec.gov/divisions/enforce/enforcementmanual.pdf,https://www.sec.gov/litigation/litreleases/lr-24829
/files/sec-dds-jan2023.pdf,https://www.sec.gov/litigation/litreleases/lr-24829
https://www.sec.gov/divisions/enforce/enforcementmanual.pdf,https://www.sec.gov/litigation/litreleases/lr-24829
/files/sec-dds-jan2023.pdf,https://www.sec.gov/litigation/litreleases/lr-24829
/litigation/complaints/2020/comp24829.pdf,https://www.sec.gov/litigation/litreleases/lr-24829
https://www.sec.gov/divisions/enforce/enforcementmanual.pdf,https://www.sec.gov/litigation/litreleases/lr-24804
/files/sec-dds-jan2023.pdf,https://www.sec.gov/litigation/litreleases/lr-24804
https://www.sec.gov/divisions/enforce/enforcementmanual.pdf,https://www.sec.gov/litigation/litreleases/lr-24804
/files/sec-dds-jan2023.pdf,https://www.sec.gov/litigation/litreleases/lr-24804
/litigation/complaints/2020/comp24804.pdf,https://www.sec.gov/litigation/litreleases/lr-24804
https://www.sec.gov/litigation/investreport/34-81207.pdf,https://www.sec.gov/news/press-release/2021-125?utm_medium=email&utm_source=govdelivery
https://www.sec.gov/litigation/admin/2021/33-10956.pdf,https://www.sec.gov/news/press-release/2021-125?utm_medium=email&utm_source=govdelivery
https://www.sec.gov/litigation/admin/2021/34-92607.pdf,https://www.sec.gov/news/press-release/2021-147
https://www.sec.gov/litigation/admin/2021/33-10961.pdf,https://www.sec.gov/news/press-release/2021-145
https://www.sec.gov/divisions/enforce/enforcementmanual.pdf,https://www.sec.gov/litigation/litreleases/lr-24870
/files/sec-dds-jan2023.pdf,https://www.sec.gov/litigation/litreleases/lr-24870
https://www.sec.gov/divisions/enforce/enforcementmanual.pdf,https://www.sec.gov/litigation/litreleases/lr-24870
/files/sec-dds-jan2023.pdf,https://www.sec.gov/litigation/litreleases/lr-24870
/litigation/complaints/2020/comp24870.pdf,https://www.sec.gov/litigation/litreleases/lr-24870
https://www.sec.gov/litigation/admin/2021/33-10979.pdf,https://www.sec.gov/news/press-release/2021-175
https://www.sec.gov/litigation/complaints/2021/comp-pr2021-248.pdf,https://www.sec.gov/news/press-release/2021-248
https://www.sec.gov/litigation/complaints/2021/comp-pr2021-237.pdf,https://www.sec.gov/news/press-release/2021-237
https://www.sec.gov/divisions/enforce/enforcementmanual.pdf,https://www.sec.gov/litigation/litreleases/lr-24980
/files/sec-dds-jan2023.pdf,https://www.sec.gov/litigation/litreleases/lr-24980
https://www.sec.gov/divisions/enforce/enforcementmanual.pdf,https://www.sec.gov/litigation/litreleases/lr-24980
/files/sec-dds-jan2023.pdf,https://www.sec.gov/litigation/litreleases/lr-24980
/litigation/complaints/2020/comp24980.pdf,https://www.sec.gov/litigation/litreleases/lr-24980
https://www.sec.gov/litigation/admin/2022/33-11029.pdf,https://www.sec.gov/news/press-release/2022-26
https://www.sec.gov/litigation/complaints/2022/comp-pr2022-3.pdf,https://www.sec.gov/news/press-release/2022-3
https://www.sec.gov/divisions/enforce/enforcementmanual.pdf,https://www.sec.gov/litigation/litreleases/lr-25032
/files/sec-dds-jan2023.pdf,https://www.sec.gov/litigation/litreleases/lr-25032
https://www.sec.gov/divisions/enforce/enforcementmanual.pdf,https://www.sec.gov/litigation/litreleases/lr-25032
/files/sec-dds-jan2023.pdf,https://www.sec.gov/litigation/litreleases/lr-25032
/litigation/complaints/2021/comp25032.pdf,https://www.sec.gov/litigation/litreleases/lr-25032
http://www.sec.gov/litigation/complaints/2022/comp-pr2022-227.pdf,https://www.sec.gov/news/press-release/2022-227
https://www.sec.gov/files/2022-227-spanish.pdf,https://www.sec.gov/news/press-release/2022-227
https://www.sec.gov/files/2022-227-portuguese.pdf,https://www.sec.gov/news/press-release/2022-227
https://www.sec.gov/litigation/complaints/2022/comp-pr2022-37.pdf,https://www.sec.gov/news/press-release/2022-37?utm_medium=email&utm_source=govdelivery
https://www.sec.gov/litigation/complaints/2022/comp-pr2022-234.pdf,https://www.sec.gov/news/press-release/2022-234
https://www.sec.gov/litigation/admin/2023/33-11149.pdf,https://www.sec.gov/news/press-release/2023-11
https://www.sec.gov/divisions/enforce/enforcementmanual.pdf,https://www.sec.gov/litigation/litreleases/lr-25060
/files/sec-dds-jan2023.pdf,https://www.sec.gov/litigation/litreleases/lr-25060
https://www.sec.gov/divisions/enforce/enforcementmanual.pdf,https://www.sec.gov/litigation/litreleases/lr-25060
/files/sec-dds-jan2023.pdf,https://www.sec.gov/litigation/litreleases/lr-25060
/litigation/complaints/2021/comp25060.pdf,https://www.sec.gov/litigation/litreleases/lr-25060
https://www.sec.gov/litigation/complaints/2023/comp-pr2023-2.pdf,https://www.sec.gov/news/press-release/2023-2
https://www.sec.gov/litigation/complaints/2023/comp-pr2023-7.pdf,https://www.sec.gov/news/press-release/2023-7
https://www.sec.gov/divisions/enforce/enforcementmanual.pdf,https://www.sec.gov/litigation/litreleases/lr-25046
/files/sec-dds-jan2023.pdf,https://www.sec.gov/litigation/litreleases/lr-25046
https://www.sec.gov/divisions/enforce/enforcementmanual.pdf,https://www.sec.gov/litigation/litreleases/lr-25046
/files/sec-dds-jan2023.pdf,https://www.sec.gov/litigation/litreleases/lr-25046
/litigation/complaints/2021/comp25046.pdf,https://www.sec.gov/litigation/litreleases/lr-25046
https://www.sec.gov/divisions/enforce/enforcementmanual.pdf,https://www.sec.gov/litigation/litreleases/lr-25157
/files/sec-dds-jan2023.pdf,https://www.sec.gov/litigation/litreleases/lr-25157
https://www.sec.gov/divisions/enforce/enforcementmanual.pdf,https://www.sec.gov/litigation/litreleases/lr-25157
/files/sec-dds-jan2023.pdf,https://www.sec.gov/litigation/litreleases/lr-25157
/litigation/complaints/2021/comp25157.pdf,https://www.sec.gov/litigation/litreleases/lr-25157
https://www.sec.gov/litigation/complaints/2023/comp-pr2023-13.pdf,https://www.sec.gov/news/press-release/2023-13
https://www.sec.gov/litigation/complaints/2023/comp-pr2023-25.pdf,https://www.sec.gov/news/press-release/2023-25
https://www.sec.gov/litigation/complaints/2023/comp-pr2023-32.pdf,https://www.sec.gov/news/press-release/2023-32
https://www.sec.gov/litigation/admin/2023/33-11157.pdf,https://www.sec.gov/news/press-release/2023-34
https://www.sec.gov/litigation/complaints/2023/comp-pr2023-45.pdf,https://www.sec.gov/news/press-release/2023-45
https://www.sec.gov/divisions/enforce/enforcementmanual.pdf,https://www.sec.gov/litigation/litreleases/lr-25198
/files/sec-dds-jan2023.pdf,https://www.sec.gov/litigation/litreleases/lr-25198
https://www.sec.gov/divisions/enforce/enforcementmanual.pdf,https://www.sec.gov/litigation/litreleases/lr-25198
/files/sec-dds-jan2023.pdf,https://www.sec.gov/litigation/litreleases/lr-25198
/litigation/complaints/2021/comp25198.pdf,https://www.sec.gov/litigation/litreleases/lr-25198
http://www.sec.gov/litigation/complaints/2023/comp-pr2023-40.pdf,https://www.sec.gov/news/press-release/2023-40
https://www.sec.gov/litigation/complaints/2023/comp-pr2023-59.pdf,https://www.sec.gov/news/press-release/2023-59
https://www.sec.gov/litigation/admin/2023/33-11173.pdf,https://www.sec.gov/news/press-release/2023-59
https://www.sec.gov/litigation/admin/2023/33-11174.pdf,https://www.sec.gov/news/press-release/2023-59
https://www.sec.gov/litigation/admin/2023/33-11175.pdf,https://www.sec.gov/news/press-release/2023-59
https://www.sec.gov/litigation/admin/2023/33-11171.pdf,https://www.sec.gov/news/press-release/2023-59
https://www.sec.gov/litigation/admin/2023/33-11170.pdf,https://www.sec.gov/news/press-release/2023-59
https://www.sec.gov/litigation/admin/2023/33-11172.pdf,https://www.sec.gov/news/press-release/2023-59
https://www.sec.gov/files/litigation/complaints/2023/comp-pr2023-101.pdf,https://www.sec.gov/news/press-release/2023-101
https://www.sec.gov/litigation/complaints/2023/comp-pr2023-64.pdf,https://www.sec.gov/news/press-release/2023-64
https://www.sec.gov/divisions/enforce/enforcementmanual.pdf,https://www.sec.gov/enforce/33-11179-s
/files/sec-dds-jan2023.pdf,https://www.sec.gov/enforce/33-11179-s
https://www.sec.gov/divisions/enforce/enforcementmanual.pdf,https://www.sec.gov/enforce/33-11179-s
/files/sec-dds-jan2023.pdf,https://www.sec.gov/enforce/33-11179-s
/litigation/admin/2023/33-11179.pdf,https://www.sec.gov/enforce/33-11179-s
https://www.sec.gov/litigation/complaints/2023/comp-pr2023-78.pdf,https://www.sec.gov/news/press-release/2023-78
https://www.sec.gov/divisions/enforce/enforcementmanual.pdf,https://www.sec.gov/litigation/litreleases/lr-25308
/files/sec-dds-jan2023.pdf,https://www.sec.gov/litigation/litreleases/lr-25308
https://www.sec.gov/divisions/enforce/enforcementmanual.pdf,https://www.sec.gov/litigation/litreleases/lr-25308
/files/sec-dds-jan2023.pdf,https://www.sec.gov/litigation/litreleases/lr-25308
/litigation/complaints/2022/comp25308.pdf,https://www.sec.gov/litigation/litreleases/lr-25308
https://www.sec.gov/files/litigation/complaints/2023/comp-pr2023-146.pdf,https://www.sec.gov/news/press-release/2023-146
https://www.sec.gov/divisions/enforce/enforcementmanual.pdf,https://www.sec.gov/litigation/litreleases/lr-25599
/files/sec-dds-jan2023.pdf,https://www.sec.gov/litigation/litreleases/lr-25599
https://www.sec.gov/divisions/enforce/enforcementmanual.pdf,https://www.sec.gov/litigation/litreleases/lr-25599
/files/sec-dds-jan2023.pdf,https://www.sec.gov/litigation/litreleases/lr-25599
/litigation/complaints/2022/comp25599-moravec.pdf,https://www.sec.gov/litigation/litreleases/lr-25599
/litigation/complaints/2022/comp25599-thor.pdf,https://www.sec.gov/litigation/litreleases/lr-25599
https://www.sec.gov/litigation/complaints/2023/comp-pr2023-102.pdf,https://www.sec.gov/news/press-release/2023-102
https://www.sec.gov/files/litigation/admin/2023/33-11226.pdf,https://www.sec.gov/news/press-release/2023-163
https://www.sec.gov/files/litigation/complaints/2023/comp-pr2023-143.pdf,https://www.sec.gov/news/press-release/2023-143
https://www.sec.gov/litigation/admin/2023/33-11233.pdf,https://www.sec.gov/news/press-release/2023-178?utm_medium=email&utm_source=govdelivery
https://www.sec.gov/files/litigation/admin/2023/33-11229.pdf,https://www.sec.gov/news/press-release/2023-171
https://www.sec.gov/divisions/enforce/enforcementmanual.pdf,https://www.sec.gov/litigation/litreleases/lr-25634
/files/sec-dds-jan2023.pdf,https://www.sec.gov/litigation/litreleases/lr-25634
https://www.sec.gov/divisions/enforce/enforcementmanual.pdf,https://www.sec.gov/litigation/litreleases/lr-25634
/files/sec-dds-jan2023.pdf,https://www.sec.gov/litigation/litreleases/lr-25634
/litigation/complaints/2023/comp25634.pdf,https://www.sec.gov/litigation/litreleases/lr-25634
https://www.sec.gov/divisions/enforce/enforcementmanual.pdf,https://www.sec.gov/enforce/33-11239-s
/files/sec-dds-jan2023.pdf,https://www.sec.gov/enforce/33-11239-s
https://www.sec.gov/divisions/enforce/enforcementmanual.pdf,https://www.sec.gov/enforce/33-11239-s
/files/sec-dds-jan2023.pdf,https://www.sec.gov/enforce/33-11239-s
/files/litigation/admin/2023/33-11239.pdf,https://www.sec.gov/enforce/33-11239-s
https://www.sec.gov/divisions/enforce/enforcementmanual.pdf,https://www.sec.gov/litigation/litreleases/lr-25659
/files/sec-dds-jan2023.pdf,https://www.sec.gov/litigation/litreleases/lr-25659
https://www.sec.gov/divisions/enforce/enforcementmanual.pdf,https://www.sec.gov/litigation/litreleases/lr-25659
/files/sec-dds-jan2023.pdf,https://www.sec.gov/litigation/litreleases/lr-25659
/litigation/complaints/2023/comp25659.pdf,https://www.sec.gov/litigation/litreleases/lr-25659
https://www.sec.gov/divisions/enforce/enforcementmanual.pdf,https://www.sec.gov/litigation/litreleases/lr-25865
/files/sec-dds-jan2023.pdf,https://www.sec.gov/litigation/litreleases/lr-25865
https://www.sec.gov/divisions/enforce/enforcementmanual.pdf,https://www.sec.gov/litigation/litreleases/lr-25865
/files/sec-dds-jan2023.pdf,https://www.sec.gov/litigation/litreleases/lr-25865
/files/litigation/complaints/2023/comp25865.pdf,https://www.sec.gov/litigation/litreleases/lr-25865
